Foot Left X, Y, Z, Ankle Left X, Y, Z, Knee Left X, Y, Z, Hip Left X, Y, Z, Foot Right X, Y, Z, Ankle Right X, Y, Z, Knee Right X, Y, Z, Hip Right X, Y, Z,Spine Base X, Y, Z,Spine Mid X, Y, Z , Neck X, Y, Z, Head X, Y, Z , ShouldL X, Y, Z, ShouldR X, Y, Z,WristLeft X,Y,Z,WristRight X,Y,Z,ElbowLeft X,Y,Z,ElbowRight X,Y,Z,SholdD,LSHD,RSHD,HIPD,LWristSpineD,RWristSpineD, ShoulDX, HipDX 
-0.14636,0.316114,4.49381,-0.124952,0.200047,4.55844,-0.415095,0.319582,4.56375,-0.354671,0.636961,4.52319,-0.146317,0.156499,4.49832,-0.143624,0.0328319,4.53651,-0.0883657,0.340821,4.52828,-0.207611,0.651224,4.54675,-0.283091,0.648564,4.56645,-0.304512,0.90225,4.50254,-0.324948,1.15065,4.42878,-0.314689,1.2842,4.40639,-0.471387,1.04786,4.39666,-0.14675,1.07929,4.47106,-0.493623,0.731195,4.25919,-0.0399472,0.837945,4.51764,-0.513864,0.876817,4.36458,-0.064813,1.01203,4.5323,0.334536,0.445498,0.438945,0.149618,0.35248,0.272686,0.324637,0.147061
-0.0963312,-0.142838,4.46273,-0.198555,-0.0907853,4.55423,-0.402906,0.298407,4.56644,-0.343451,0.624684,4.51152,-0.112108,-0.133491,4.45034,-0.151144,-0.0150632,4.51442,-0.117188,0.307602,4.50842,-0.197785,0.642894,4.53621,-0.272552,0.638344,4.55574,-0.297855,0.899306,4.49393,-0.320483,1.15259,4.42064,-0.310279,1.28105,4.39358,-0.465301,1.04539,4.38474,-0.144671,1.08184,4.46018,-0.482429,0.699842,4.22473,-0.0506988,0.761234,4.49622,-0.517999,0.859507,4.33897,-0.070487,0.954247,4.51903,0.331396,0.455978,0.448639,0.148863,0.382523,0.283117,0.32063,0.145667
-0.104867,-0.153329,4.40638,-0.199092,-0.146944,4.5346,-0.395474,0.26604,4.56926,-0.318176,0.586702,4.49003,-0.112671,-0.167114,4.35547,-0.118015,-0.0868534,4.47735,-0.143377,0.250533,4.49626,-0.172112,0.600109,4.52139,-0.24692,0.597714,4.53842,-0.280787,0.875417,4.46948,-0.311252,1.14338,4.39032,-0.297064,1.26018,4.34745,-0.458869,1.04292,4.34952,-0.137969,1.07367,4.42868,-0.463336,0.68504,4.18845,-0.0170557,0.700383,4.49108,-0.51716,0.850191,4.31552,-0.0557981,0.906231,4.51212,0.331947,0.497664,0.483757,0.149994,0.385414,0.317266,0.3209,0.146064
-0.108356,-0.18349,4.35583,-0.188889,-0.164076,4.4942,-0.37924,0.260969,4.56468,-0.317588,0.583796,4.47871,-0.112021,-0.168446,4.34401,-0.121229,-0.0986266,4.44535,-0.141922,0.246537,4.48586,-0.171981,0.596796,4.50132,-0.246548,0.594625,4.52344,-0.275008,0.871402,4.4523,-0.300772,1.14091,4.3706,-0.289974,1.25638,4.34136,-0.448747,1.03814,4.33033,-0.128363,1.07001,4.41647,-0.449223,0.665118,4.16595,-0.0121254,0.655548,4.46998,-0.513241,0.843403,4.29624,-0.0615283,0.874214,4.49248,0.333288,0.495628,0.482739,0.147924,0.393573,0.340607,0.320384,0.145607
-0.106776,-0.171435,4.345,-0.182749,-0.171622,4.48632,-0.381475,0.255502,4.55936,-0.306143,0.569506,4.45994,-0.114358,-0.18113,4.30796,-0.123007,-0.124982,4.41928,-0.143423,0.224902,4.45281,-0.158868,0.576652,4.48166,-0.234213,0.577405,4.50425,-0.259487,0.85622,4.43123,-0.28373,1.12926,4.34823,-0.280805,1.24955,4.31727,-0.438852,1.03475,4.31153,-0.112482,1.05035,4.38303,-0.435026,0.659218,4.14202,-0.00649155,0.641952,4.46232,-0.507951,0.8421,4.2777,-0.0537046,0.854662,4.48366,0.334475,0.50605,0.486073,0.14904,0.39149,0.332993,0.32637,0.147275
-0.167105,-0.157935,4.33622,-0.137405,-0.147349,4.45687,-0.358568,0.274814,4.53094,-0.301098,0.565827,4.41874,-0.116075,-0.179124,4.31448,-0.121853,-0.116422,4.41602,-0.146577,0.238056,4.42905,-0.154757,0.575878,4.44396,-0.22966,0.575215,4.46496,-0.253853,0.851102,4.39759,-0.277083,1.12132,4.3186,-0.259911,1.24218,4.28862,-0.426056,1.02598,4.28083,-0.104931,1.04801,4.36342,-0.432465,0.657333,4.13807,-0.00748429,0.627012,4.44408,-0.502616,0.831167,4.25614,-0.0445875,0.841678,4.4603,0.332308,0.496364,0.481539,0.148838,0.369864,0.336266,0.321125,0.146341
-0.0900371,-0.156482,4.34194,-0.158319,-0.194471,4.47804,-0.368104,0.238272,4.53996,-0.317463,0.516352,4.39658,-0.116918,-0.174401,4.28219,-0.117094,-0.168022,4.40992,-0.141014,0.188497,4.41494,-0.170896,0.523546,4.42016,-0.246063,0.523966,4.44243,-0.250541,0.826835,4.37574,-0.257509,1.11432,4.29421,-0.242319,1.2286,4.24949,-0.411602,1.02558,4.2556,-0.0895714,1.04212,4.33187,-0.42994,0.652475,4.12985,0.00633333,0.591901,4.40497,-0.491301,0.828369,4.24985,-0.0342014,0.834467,4.44136,0.331351,0.536702,0.532284,0.148626,0.350783,0.349331,0.32203,0.146567
-0.0539309,-0.180387,4.3046,-0.112874,-0.12822,4.39161,-0.332907,0.228744,4.49245,-0.311841,0.516851,4.37936,-0.118227,-0.185001,4.28302,-0.115662,-0.154715,4.4064,-0.139065,0.196734,4.38386,-0.164013,0.52241,4.3979,-0.239807,0.523749,4.4231,-0.240199,0.821026,4.348,-0.240629,1.10971,4.26302,-0.227843,1.22633,4.22543,-0.40498,1.02386,4.23988,-0.0714331,1.03539,4.30997,-0.427188,0.643805,4.12325,0.00794319,0.585254,4.39614,-0.482288,0.824748,4.23794,-0.0193186,0.815853,4.40974,0.341027,0.534034,0.528633,0.14909,0.341888,0.345659,0.333547,0.147828
-0.121444,-0.200401,4.30883,-0.157944,-0.159612,4.42073,-0.365442,0.274814,4.41666,-0.305699,0.561781,4.33264,-0.117914,-0.196356,4.3013,-0.115998,-0.125998,4.39851,-0.138313,0.227254,4.37286,-0.157472,0.56565,4.35231,-0.233411,0.568164,4.37675,-0.233935,0.841289,4.31521,-0.235424,1.11223,4.24521,-0.211575,1.22352,4.2015,-0.395417,1.02297,4.21431,-0.0580033,1.03232,4.28366,-0.427787,0.634042,4.11302,0.0109933,0.582545,4.38539,-0.480273,0.821864,4.21029,-0.010602,0.806544,4.38178,0.344594,0.484504,0.482067,0.149577,0.348441,0.363131,0.337414,0.148227
-0.379263,0.0917619,4.46378,-0.41323,-0.0309315,4.52621,-0.371033,0.273553,4.38334,-0.30592,0.559978,4.32137,-0.117849,-0.192736,4.30555,-0.115874,-0.112834,4.39061,-0.13982,0.225579,4.34246,-0.155977,0.560824,4.33666,-0.23285,0.564958,4.3634,-0.230378,0.838837,4.29316,-0.225595,1.10763,4.20745,-0.195477,1.21541,4.15082,-0.382305,1.02361,4.17954,-0.0478766,1.03245,4.24529,-0.43219,0.622815,4.10623,0.022087,0.569263,4.34528,-0.475068,0.81892,4.1966,-0.00148474,0.803022,4.34475,0.340947,0.490825,0.492412,0.150723,0.34977,0.372995,0.334429,0.149943
-0.376866,0.0854407,4.45833,-0.407589,-0.00456674,4.50963,-0.380221,0.269866,4.33042,-0.308073,0.559828,4.30949,-0.117932,-0.189767,4.31038,-0.116767,-0.104716,4.38651,-0.138194,0.224997,4.33687,-0.157397,0.558192,4.32183,-0.234647,0.563569,4.34999,-0.225417,0.839734,4.27525,-0.213611,1.11061,4.1884,-0.18943,1.21345,4.14296,-0.37581,1.0237,4.16562,-0.0374214,1.03013,4.23072,-0.441658,0.611033,4.10501,0.0303751,0.566354,4.32952,-0.473144,0.819907,4.19154,0.0129561,0.79506,4.32376,0.344654,0.490378,0.495396,0.151188,0.357834,0.378301,0.338388,0.150675
-0.365176,0.0967479,4.44808,-0.408349,0.0100954,4.48478,-0.382054,0.275581,4.30411,-0.306889,0.560614,4.28738,-0.119563,-0.190378,4.31084,-0.115226,-0.104843,4.38525,-0.132366,0.222783,4.33073,-0.155336,0.554105,4.29444,-0.232997,0.561978,4.32526,-0.216493,0.836001,4.24706,-0.19809,1.10362,4.15777,-0.174903,1.20955,4.11983,-0.369037,1.02729,4.14963,-0.0256806,1.02414,4.20075,-0.459369,0.604938,4.11174,0.042752,0.575618,4.30291,-0.472874,0.816364,4.1843,0.0214443,0.789193,4.30228,0.347155,0.490534,0.496508,0.151856,0.36151,0.371654,0.343356,0.151553
-0.422919,-0.00418938,4.47881,-0.383506,0.0563636,4.45153,-0.384346,0.274459,4.26975,-0.306384,0.556141,4.26114,-0.121428,-0.190719,4.30992,-0.114616,-0.105343,4.38383,-0.129762,0.221781,4.32207,-0.156027,0.547683,4.27581,-0.233117,0.556277,4.30285,-0.213075,0.829428,4.22617,-0.192312,1.09631,4.1385,-0.168539,1.19957,4.08833,-0.361805,1.02375,4.12966,-0.0178015,1.01906,4.1844,-0.483321,0.597167,4.10899,0.0512049,0.573908,4.2775,-0.47776,0.80707,4.17129,0.0335465,0.777983,4.27869,0.348364,0.488891,0.499656,0.151307,0.375114,0.371173,0.344004,0.150357
-0.407499,-0.166456,4.48477,-0.38347,-0.0764358,4.50621,-0.381434,0.242652,4.26337,-0.305279,0.552737,4.24425,-0.12173,-0.190885,4.31018,-0.114084,-0.10521,4.38287,-0.123816,0.221439,4.29679,-0.154569,0.544966,4.26062,-0.231784,0.553231,4.28663,-0.207118,0.825603,4.20339,-0.180599,1.09163,4.108,-0.161324,1.19436,4.06927,-0.355165,1.02448,4.11057,-0.013304,1.01513,4.15543,-0.505121,0.600768,4.12926,0.0567055,0.573496,4.25542,-0.481003,0.811743,4.16599,0.0376294,0.777603,4.26345,0.344919,0.492849,0.502072,0.151797,0.380593,0.368602,0.341861,0.15071
-0.404047,-0.190173,4.43569,-0.386204,-0.098642,4.45931,-0.382349,0.234473,4.24671,-0.305467,0.549188,4.22,-0.122133,-0.191269,4.3119,-0.114631,-0.103429,4.37895,-0.122834,0.222895,4.28735,-0.153584,0.540399,4.23699,-0.231381,0.549188,4.26269,-0.205865,0.822051,4.1859,-0.179672,1.08881,4.09729,-0.15391,1.18382,4.03983,-0.3464,1.01945,4.0899,-0.00893791,1.0108,4.14235,-0.515651,0.601716,4.13201,0.0575241,0.561831,4.23455,-0.486768,0.80551,4.16059,0.0414885,0.765586,4.24234,0.341622,0.489637,0.501158,0.153083,0.383951,0.373436,0.337462,0.151883
-0.412221,-0.208553,4.36276,-0.387226,-0.120731,4.40069,-0.384295,0.216126,4.20781,-0.3039,0.545541,4.19869,-0.122866,-0.190376,4.31299,-0.114989,-0.103612,4.37714,-0.123714,0.222756,4.27935,-0.151467,0.536281,4.21489,-0.229534,0.545302,4.24096,-0.2043,0.816696,4.15575,-0.17899,1.08176,4.05919,-0.146554,1.18213,3.99957,-0.343273,1.01788,4.06748,-0.00240263,1.00016,4.09759,-0.52984,0.603931,4.13367,0.0591841,0.552694,4.20088,-0.488205,0.80446,4.1548,0.0457344,0.75748,4.21028,0.342657,0.491799,0.501163,0.153571,0.389529,0.37571,0.340871,0.152433
-0.401519,-0.207493,4.29688,-0.386533,-0.1189,4.33035,-0.384925,0.219438,4.19336,-0.304182,0.545687,4.18654,-0.123029,-0.189387,4.31339,-0.114483,-0.104337,4.37659,-0.12409,0.217478,4.2703,-0.151747,0.534537,4.19888,-0.229822,0.544575,4.22695,-0.201917,0.81385,4.14086,-0.173535,1.07656,4.04341,-0.147545,1.17611,3.99272,-0.341808,1.01907,4.05328,-0.00146413,0.998971,4.09139,-0.544119,0.607227,4.14437,0.0578327,0.542859,4.17507,-0.488823,0.806734,4.14757,0.0471697,0.751897,4.19771,0.343061,0.493221,0.499836,0.153339,0.39976,0.376929,0.340344,0.152435
-0.384336,-0.196278,4.22325,-0.383867,-0.106548,4.26782,-0.381298,0.222239,4.13825,-0.303828,0.537804,4.16268,-0.121249,-0.191195,4.30993,-0.11422,-0.106196,4.37369,-0.126672,0.219004,4.25171,-0.15059,0.52836,4.18069,-0.229033,0.537468,4.20587,-0.199832,0.803795,4.11798,-0.170288,1.06369,4.01941,-0.153697,1.1539,3.95605,-0.34103,1.01267,4.02407,-0.000237947,0.992153,4.06652,-0.554318,0.610779,4.14214,0.0565548,0.532678,4.14264,-0.492984,0.809684,4.13404,0.0453424,0.741393,4.16471,0.344038,0.496081,0.500745,0.154582,0.404351,0.37396,0.340792,0.153239
-0.390509,-0.186935,4.08528,-0.40089,-0.122617,4.20135,-0.379904,0.213129,4.12489,-0.303554,0.5332,4.14732,-0.121355,-0.191094,4.30983,-0.115207,-0.106673,4.37059,-0.127216,0.217761,4.24865,-0.149306,0.521344,4.15876,-0.228313,0.53166,4.18725,-0.198815,0.796255,4.09768,-0.169076,1.05444,3.99731,-0.152804,1.14839,3.94216,-0.341987,1.00871,4.00978,0.000196335,0.98283,4.04025,-0.558683,0.610417,4.1438,0.0565105,0.528489,4.12185,-0.493594,0.809131,4.12985,0.0456387,0.738957,4.14144,0.34451,0.496487,0.499362,0.155125,0.407637,0.370775,0.342183,0.154248
-0.40078,-0.236128,4.0806,-0.401915,-0.152226,4.14271,-0.376594,0.202306,4.10011,-0.30141,0.5247,4.12681,-0.120475,-0.192645,4.30817,-0.115597,-0.107467,4.36715,-0.1286,0.216785,4.23664,-0.14667,0.515604,4.14497,-0.225836,0.524496,4.17009,-0.202272,0.788661,4.07731,-0.179997,1.04614,3.9721,-0.159481,1.13801,3.92327,-0.347975,0.997372,3.98469,-0.00599489,0.97661,4.01524,-0.568711,0.608813,4.14441,0.0475023,0.522515,4.08857,-0.499077,0.80558,4.11908,0.0452102,0.734704,4.10585,0.343969,0.495767,0.499146,0.156067,0.413672,0.365168,0.341981,0.15474
-0.401172,-0.239967,3.9934,-0.401974,-0.161109,4.06454,-0.374469,0.192172,4.04437,-0.299974,0.518811,4.10046,-0.119726,-0.194288,4.30693,-0.116922,-0.108907,4.36088,-0.127675,0.221077,4.21058,-0.144593,0.509524,4.11597,-0.224111,0.518414,4.14217,-0.201558,0.782564,4.04918,-0.179152,1.04066,3.94631,-0.165897,1.13323,3.87565,-0.352858,0.991121,3.95231,-0.0145081,0.967876,3.98027,-0.574068,0.609448,4.13533,0.0400041,0.501428,4.05722,-0.49925,0.80333,4.0991,0.0423535,0.726798,4.07626,0.340298,0.497818,0.495402,0.156429,0.419707,0.370749,0.33835,0.155381
-0.409668,-0.244385,3.92188,-0.404719,-0.152631,4.01371,-0.374635,0.185996,4.02619,-0.303125,0.512356,4.08275,-0.120282,-0.195646,4.30712,-0.11721,-0.110264,4.35811,-0.127105,0.218774,4.20393,-0.147304,0.503592,4.10315,-0.227068,0.51219,4.12703,-0.206515,0.773429,4.02973,-0.186307,1.02777,3.92087,-0.172865,1.11787,3.85606,-0.358476,0.983167,3.93142,-0.0186801,0.960738,3.96372,-0.578676,0.605339,4.12878,0.0328885,0.494852,4.03999,-0.503539,0.798445,4.08534,0.039063,0.718987,4.05478,0.342064,0.49762,0.494941,0.157394,0.420202,0.367457,0.339796,0.155821
-0.402198,-0.252961,3.85615,-0.391956,-0.160032,3.96093,-0.373641,0.162421,3.99331,-0.30904,0.50572,4.05339,-0.11973,-0.197097,4.30755,-0.118538,-0.111012,4.35478,-0.125181,0.216318,4.18494,-0.154687,0.492789,4.06479,-0.233795,0.503511,4.0931,-0.215083,0.76315,4.00093,-0.195748,1.0169,3.89785,-0.18456,1.10904,3.83294,-0.369573,0.975791,3.90856,-0.0258961,0.952213,3.93565,-0.579233,0.603788,4.11063,0.0267045,0.490526,4.00483,-0.505488,0.794835,4.05654,0.028579,0.714096,4.01875,0.345548,0.495585,0.494302,0.155312,0.412353,0.364418,0.343676,0.154352
-0.393765,-0.261458,3.80382,-0.384109,-0.176041,3.91732,-0.370973,0.152226,3.9669,-0.309308,0.497018,4.03109,-0.122805,-0.194333,4.3037,-0.122234,-0.107168,4.33777,-0.12875,0.203109,4.17326,-0.153144,0.487686,4.04504,-0.233125,0.496566,4.07197,-0.218639,0.755097,3.97538,-0.204599,1.00732,3.86712,-0.199334,1.10123,3.80741,-0.37955,0.96525,3.88214,-0.0406744,0.942592,3.90372,-0.588139,0.587995,4.06126,0.0220453,0.488139,3.98416,-0.511257,0.784651,4.02878,0.0220827,0.70424,3.9948,0.340318,0.496349,0.489448,0.157064,0.414524,0.359545,0.338876,0.156164
-0.385835,-0.263542,3.79552,-0.37833,-0.175042,3.9056,-0.368671,0.145782,3.93431,-0.312548,0.4851,3.99975,-0.121568,-0.193479,4.29889,-0.124065,-0.106449,4.33003,-0.132031,0.197436,4.15269,-0.154238,0.482061,4.00975,-0.235365,0.487667,4.03875,-0.230698,0.747564,3.94692,-0.226277,1.00074,3.84221,-0.224351,1.09246,3.76794,-0.398809,0.949697,3.85569,-0.0564825,0.939328,3.87573,-0.589542,0.543097,4.04913,0.00897627,0.459585,3.94182,-0.527457,0.744341,4.00495,0.00812412,0.706009,3.96824,0.343069,0.49401,0.48643,0.158655,0.425469,0.374703,0.342327,0.15831
-0.381132,-0.26881,3.7984,-0.37811,-0.179344,3.90089,-0.367422,0.145237,3.92173,-0.317533,0.479134,3.97187,-0.121562,-0.194909,4.29775,-0.122963,-0.108406,4.32475,-0.139057,0.200661,4.1098,-0.158527,0.479452,3.99029,-0.240074,0.483465,4.01502,-0.238669,0.744016,3.9254,-0.236175,0.998292,3.82514,-0.229336,1.09254,3.76199,-0.413428,0.944373,3.84112,-0.0668155,0.936992,3.85912,-0.59719,0.518546,4.01966,0.00807555,0.481009,3.92616,-0.534955,0.718281,3.971,-0.00228568,0.71208,3.94827,0.347158,0.492686,0.484724,0.160069,0.433888,0.360633,0.346612,0.159006
-0.37999,-0.268219,3.79915,-0.377705,-0.189875,3.88275,-0.371351,0.144339,3.88332,-0.319584,0.471285,3.94075,-0.119334,-0.198127,4.2838,-0.123867,-0.112807,4.30642,-0.142638,0.193282,4.08977,-0.162569,0.476089,3.9513,-0.2431,0.477622,3.97989,-0.250528,0.740316,3.89214,-0.258371,0.996631,3.79161,-0.254194,1.09196,3.73139,-0.437829,0.932784,3.80893,-0.0818494,0.934816,3.83334,-0.590977,0.49446,3.97743,0.00208528,0.483189,3.91541,-0.546143,0.704348,3.94743,-0.0125648,0.712018,3.92717,0.356821,0.494309,0.480481,0.157442,0.428517,0.361205,0.355979,0.157015
-0.38211,-0.277318,3.79126,-0.378516,-0.193031,3.87702,-0.374099,0.134471,3.85488,-0.332055,0.469579,3.9017,-0.115183,-0.203452,4.26548,-0.12378,-0.118389,4.29448,-0.142671,0.193273,4.04072,-0.175691,0.477202,3.90887,-0.256086,0.477438,3.93894,-0.263386,0.742598,3.86104,-0.269191,1.00056,3.77169,-0.269272,1.09473,3.69604,-0.448675,0.928682,3.78313,-0.103271,0.943928,3.79149,-0.588189,0.456362,3.93566,0.00155957,0.499117,3.86374,-0.550127,0.690454,3.91353,-0.0324383,0.715799,3.8861,0.345841,0.488298,0.486678,0.156713,0.439312,0.359842,0.345404,0.156364
-0.381371,-0.274167,3.79572,-0.379439,-0.192847,3.87546,-0.379357,0.13506,3.84709,-0.33889,0.473644,3.88318,-0.112758,-0.174823,4.13803,-0.123195,-0.114336,4.25106,-0.146563,0.188933,4.01186,-0.181832,0.480416,3.8966,-0.262624,0.481123,3.92375,-0.276267,0.747183,3.83974,-0.29066,1.00679,3.74387,-0.28831,1.10954,3.67664,-0.463469,0.928846,3.7515,-0.111317,0.950092,3.78158,-0.598227,0.471914,3.87919,-0.0320728,0.473388,3.84407,-0.547649,0.684576,3.86782,-0.0417324,0.716146,3.87721,0.354072,0.489968,0.488669,0.157775,0.425427,0.366896,0.352151,0.157058
-0.378196,-0.278355,3.79245,-0.383821,-0.198664,3.85142,-0.382599,0.129303,3.79586,-0.349465,0.469577,3.8262,-0.124788,-0.180191,4.10691,-0.129448,-0.120982,4.22053,-0.145549,0.175054,3.94056,-0.193567,0.477717,3.83537,-0.2739,0.477807,3.86442,-0.2951,0.742694,3.78818,-0.314572,1.00126,3.70228,-0.306921,1.10021,3.64322,-0.479793,0.925597,3.71968,-0.13319,0.951747,3.72586,-0.588238,0.461813,3.80286,-0.0377573,0.478799,3.80634,-0.548594,0.678602,3.8116,-0.0574344,0.707681,3.82946,0.347643,0.486091,0.490246,0.156379,0.40625,0.369047,0.346603,0.155898
-0.377311,-0.277313,3.79236,-0.384264,-0.197947,3.85045,-0.383699,0.131088,3.79258,-0.353827,0.468123,3.80493,-0.119538,-0.177936,4.06364,-0.128753,-0.119458,4.17668,-0.147051,0.175079,3.88976,-0.197194,0.477524,3.82043,-0.277935,0.477043,3.84645,-0.29903,0.744416,3.77143,-0.318867,1.00538,3.6854,-0.312184,1.10362,3.62444,-0.485874,0.922575,3.6914,-0.138738,0.95057,3.71536,-0.577047,0.457218,3.74614,-0.0480636,0.489435,3.78598,-0.555182,0.676796,3.76711,-0.0646575,0.71591,3.81375,0.349086,0.486673,0.488085,0.157679,0.400519,0.358066,0.347136,0.156633
-0.376396,-0.278481,3.79105,-0.385223,-0.198391,3.84788,-0.3866,0.130268,3.78061,-0.361195,0.464058,3.77492,-0.103149,-0.229126,4.125,-0.123455,-0.147072,4.14163,-0.150176,0.161279,3.86206,-0.206193,0.475909,3.7864,-0.28622,0.474122,3.81424,-0.308439,0.745177,3.74348,-0.329213,1.00924,3.66161,-0.323936,1.11508,3.58384,-0.492925,0.918947,3.66414,-0.146203,0.954206,3.69285,-0.573879,0.449722,3.68532,-0.0502448,0.503325,3.75326,-0.55905,0.669382,3.71583,-0.0685006,0.722221,3.79067,0.34969,0.486362,0.491037,0.155877,0.401415,0.35391,0.346722,0.155002
-0.376333,-0.279669,3.79071,-0.384953,-0.198898,3.84693,-0.389313,0.123117,3.77063,-0.365085,0.46062,3.75494,-0.103223,-0.228838,4.07651,-0.130205,-0.152357,4.08385,-0.149588,0.153588,3.81812,-0.21024,0.47565,3.77436,-0.290277,0.472475,3.79858,-0.313097,0.742692,3.72552,-0.334477,1.00611,3.64198,-0.327384,1.11553,3.57397,-0.499496,0.911632,3.63623,-0.152525,0.956295,3.68182,-0.567828,0.436677,3.62113,-0.0508104,0.504292,3.73818,-0.566458,0.663576,3.66725,-0.0719952,0.722146,3.78214,0.352792,0.485357,0.492865,0.156781,0.411619,0.354668,0.346971,0.154845
-0.376392,-0.277738,3.79128,-0.384501,-0.19602,3.84556,-0.390747,0.119071,3.7656,-0.368553,0.45841,3.73518,-0.11682,-0.236015,4.00655,-0.135513,-0.154098,4.02526,-0.151271,0.150326,3.79226,-0.214558,0.475121,3.75403,-0.29422,0.470993,3.77814,-0.321728,0.743329,3.70464,-0.348699,1.00921,3.61975,-0.333474,1.11592,3.55797,-0.503954,0.907269,3.61511,-0.160149,0.957525,3.66632,-0.565912,0.449753,3.57027,-0.0506008,0.501001,3.71678,-0.563938,0.663226,3.63918,-0.078068,0.717039,3.76786,0.351213,0.483969,0.493323,0.156042,0.404805,0.363841,0.343805,0.153994
-0.376541,-0.277766,3.79138,-0.384208,-0.195848,3.84629,-0.391096,0.119215,3.76005,-0.371454,0.457938,3.72143,-0.11097,-0.272083,3.93006,-0.12765,-0.188706,3.96861,-0.15167,0.132719,3.77018,-0.219642,0.475674,3.73312,-0.298147,0.470975,3.76109,-0.323823,0.743189,3.68788,-0.348522,1.0088,3.60419,-0.339591,1.12147,3.53498,-0.505623,0.907156,3.58896,-0.163327,0.959943,3.64742,-0.562519,0.456893,3.51759,-0.0502914,0.495317,3.70103,-0.566076,0.672396,3.59146,-0.0817618,0.71081,3.75253,0.351242,0.487182,0.495008,0.153291,0.409808,0.369368,0.342296,0.151811
-0.377364,-0.279797,3.79062,-0.383312,-0.197185,3.84434,-0.390815,0.113411,3.7467,-0.37108,0.454146,3.69152,-0.118958,-0.274313,3.84901,-0.130505,-0.189725,3.88463,-0.152935,0.127981,3.71986,-0.218066,0.473689,3.70133,-0.297241,0.468099,3.72994,-0.322698,0.740081,3.65486,-0.346778,1.0053,3.56929,-0.341322,1.12347,3.51951,-0.509111,0.901812,3.55436,-0.168412,0.952334,3.60641,-0.557183,0.453755,3.44726,-0.0507708,0.516673,3.67165,-0.565685,0.669185,3.54228,-0.087734,0.733439,3.70834,0.348336,0.488129,0.490486,0.154568,0.424336,0.352332,0.340699,0.153014
-0.377395,-0.281645,3.78978,-0.382308,-0.198281,3.84244,-0.390824,0.113222,3.73773,-0.370945,0.451082,3.672,-0.110356,-0.293361,3.76408,-0.126587,-0.210198,3.8104,-0.156447,0.116914,3.70572,-0.2176,0.472174,3.68644,-0.296944,0.465881,3.71293,-0.323825,0.738204,3.63715,-0.349319,1.00374,3.55082,-0.341269,1.12221,3.49265,-0.507853,0.901497,3.52845,-0.170099,0.951338,3.59542,-0.550846,0.461905,3.39647,-0.0514304,0.504257,3.64726,-0.568305,0.667941,3.50461,-0.088682,0.727769,3.69927,0.347917,0.492162,0.490041,0.155461,0.431052,0.35921,0.337754,0.153345
-0.378108,-0.281407,3.79058,-0.382114,-0.198289,3.84297,-0.391293,0.113129,3.73559,-0.371066,0.448373,3.65906,-0.103455,-0.299561,3.67773,-0.127467,-0.212569,3.74791,-0.158283,0.104405,3.68606,-0.218417,0.469743,3.67479,-0.297446,0.463277,3.70056,-0.325802,0.737411,3.62343,-0.352888,1.00489,3.53543,-0.343777,1.11949,3.48023,-0.507581,0.897253,3.51046,-0.173622,0.946927,3.57899,-0.544621,0.46485,3.35555,-0.0514558,0.503918,3.64584,-0.57122,0.667848,3.48262,-0.0883875,0.723975,3.68877,0.344517,0.49215,0.488763,0.154938,0.440379,0.360953,0.333959,0.152649
-0.378121,-0.282617,3.79033,-0.381719,-0.198985,3.84218,-0.391118,0.113507,3.72774,-0.368125,0.445557,3.64362,-0.110808,-0.306563,3.60699,-0.110736,-0.231696,3.68151,-0.160521,0.102172,3.66202,-0.217137,0.467821,3.6611,-0.295354,0.460913,3.68602,-0.3252,0.734006,3.60478,-0.353964,1.00014,3.51254,-0.342871,1.1163,3.46356,-0.505948,0.896515,3.491,-0.171864,0.945732,3.56806,-0.54113,0.47252,3.32672,-0.0509145,0.500853,3.6423,-0.57056,0.677856,3.46189,-0.086173,0.717765,3.67457,0.346371,0.495631,0.488984,0.153619,0.43854,0.36194,0.334084,0.150988
-0.378025,-0.282569,3.7903,-0.381075,-0.19885,3.83993,-0.389052,0.120235,3.69304,-0.363717,0.432287,3.58861,-0.107117,-0.307373,3.51172,-0.107926,-0.23076,3.59557,-0.151028,0.0846597,3.5871,-0.209554,0.447687,3.59777,-0.28932,0.444107,3.62684,-0.315354,0.716654,3.54719,-0.339907,0.982284,3.45709,-0.328932,1.10298,3.39595,-0.499354,0.8873,3.44027,-0.162516,0.920386,3.48945,-0.532805,0.472102,3.25974,-0.0383573,0.489297,3.58929,-0.564926,0.660067,3.38759,-0.0792038,0.705566,3.61652,0.342013,0.497434,0.487228,0.155201,0.435566,0.36082,0.336838,0.154163
-0.377462,-0.288,3.79007,-0.37931,-0.20383,3.83449,-0.388771,0.116878,3.68904,-0.36296,0.431482,3.58577,-0.101624,-0.31665,3.44336,-0.120324,-0.248904,3.54478,-0.152141,0.0839069,3.58079,-0.209314,0.447169,3.59609,-0.288845,0.443451,3.62462,-0.314167,0.716208,3.54492,-0.337834,0.982046,3.45461,-0.327358,1.10232,3.39396,-0.497188,0.881813,3.43121,-0.15969,0.919767,3.48797,-0.532122,0.475891,3.25496,-0.0367943,0.481812,3.58759,-0.563582,0.660184,3.38537,-0.0780044,0.698016,3.61249,0.344336,0.494677,0.48734,0.154789,0.435129,0.365647,0.337498,0.153646
-0.377556,-0.292261,3.78963,-0.379531,-0.207966,3.83105,-0.387966,0.108586,3.67871,-0.360586,0.427063,3.57171,-0.103673,-0.320487,3.39993,-0.120427,-0.242255,3.51651,-0.152449,0.078915,3.5635,-0.208542,0.444366,3.59091,-0.287363,0.439819,3.61556,-0.311314,0.712599,3.53378,-0.3335,0.978506,3.44124,-0.324446,1.10043,3.38646,-0.488722,0.873848,3.40597,-0.156783,0.917175,3.4839,-0.526693,0.471824,3.23057,-0.0338532,0.469838,3.58545,-0.560128,0.657717,3.37393,-0.0767683,0.685777,3.60647,0.343707,0.493465,0.487522,0.154225,0.443052,0.372274,0.331939,0.152044
-0.379126,-0.296053,3.78727,-0.375153,-0.212285,3.82683,-0.384516,0.100976,3.66394,-0.357404,0.410888,3.53133,-0.106001,-0.324815,3.37576,-0.119838,-0.249294,3.47375,-0.152552,0.0627085,3.51291,-0.204437,0.427606,3.54838,-0.28356,0.423044,3.57309,-0.300519,0.69849,3.49545,-0.316307,0.966484,3.40624,-0.307001,1.09165,3.34837,-0.479407,0.866993,3.38301,-0.138819,0.906292,3.44811,-0.519036,0.460813,3.20778,-0.0177644,0.448774,3.55861,-0.549544,0.654581,3.34453,-0.0573844,0.665483,3.56909,0.348975,0.494891,0.493456,0.154819,0.432426,0.38249,0.340588,0.152967
-0.378098,-0.299304,3.78531,-0.373631,-0.215772,3.82259,-0.383011,0.0917909,3.65154,-0.35316,0.405941,3.51859,-0.110023,-0.331305,3.3655,-0.121602,-0.251544,3.46752,-0.1542,0.0644486,3.50341,-0.201612,0.425599,3.54132,-0.280119,0.419854,3.56383,-0.296697,0.6958,3.48458,-0.312176,0.964646,3.39461,-0.301606,1.08949,3.33518,-0.468346,0.859832,3.36126,-0.135216,0.904225,3.44514,-0.512782,0.453886,3.19696,-0.0193174,0.44605,3.55755,-0.542974,0.64827,3.33296,-0.0558883,0.663217,3.56833,0.346385,0.494002,0.492688,0.154499,0.433521,0.380316,0.33313,0.151548
-0.378975,-0.304538,3.77744,-0.37217,-0.221114,3.80619,-0.378508,0.0809926,3.62444,-0.348549,0.388731,3.46232,-0.114105,-0.357108,3.33322,-0.117654,-0.286955,3.41783,-0.146413,0.0460322,3.43872,-0.192264,0.400686,3.46988,-0.273039,0.398549,3.49983,-0.278444,0.675905,3.42716,-0.282796,0.946128,3.34394,-0.266745,1.07689,3.28522,-0.444398,0.847179,3.31738,-0.104336,0.877785,3.36848,-0.50574,0.433532,3.16873,-0.00678648,0.418723,3.48998,-0.52665,0.625767,3.28417,-0.0373042,0.636789,3.50727,0.345239,0.490277,0.495618,0.156924,0.420939,0.379325,0.340061,0.156285
-0.382839,-0.30621,3.76286,-0.374566,-0.222664,3.79324,-0.377214,0.0709059,3.59189,-0.345749,0.38652,3.44933,-0.120369,-0.354689,3.34059,-0.117442,-0.284294,3.41928,-0.146183,0.0503144,3.43629,-0.190573,0.399924,3.46198,-0.270816,0.397131,3.48956,-0.276222,0.675934,3.41647,-0.280543,0.947613,3.33266,-0.264667,1.07815,3.28143,-0.43859,0.846495,3.30686,-0.10093,0.877115,3.36688,-0.503285,0.427263,3.16572,-0.00382351,0.416383,3.48867,-0.523782,0.625173,3.28371,-0.0330814,0.634791,3.50222,0.344319,0.490402,0.494764,0.156267,0.419846,0.383118,0.337661,0.155176
-0.386331,-0.304898,3.75354,-0.374447,-0.222659,3.77311,-0.377493,0.0653258,3.54206,-0.331982,0.391162,3.40579,-0.11939,-0.355234,3.34114,-0.117211,-0.284145,3.41933,-0.14022,0.0560759,3.42202,-0.182576,0.402107,3.42989,-0.259954,0.40049,3.45171,-0.257981,0.680574,3.38311,-0.254269,0.953579,3.30251,-0.243933,1.08294,3.25316,-0.41611,0.849741,3.26618,-0.0825917,0.879684,3.35188,-0.499964,0.416373,3.16591,0.00505855,0.40979,3.46929,-0.510011,0.620677,3.27495,-0.0192711,0.6289,3.47318,0.345652,0.486684,0.494128,0.151732,0.418971,0.38722,0.333519,0.149406
-0.388242,-0.307591,3.74275,-0.378487,-0.224881,3.76145,-0.379107,0.0597855,3.51104,-0.328431,0.394279,3.38926,-0.119296,-0.352286,3.34457,-0.115914,-0.280733,3.42252,-0.136427,0.0585458,3.41281,-0.178469,0.405042,3.41239,-0.256001,0.403621,3.43455,-0.251359,0.684652,3.36739,-0.245854,0.958253,3.28942,-0.234145,1.08556,3.23626,-0.412089,0.853088,3.2546,-0.074353,0.883935,3.3339,-0.496715,0.408545,3.16762,0.0111883,0.410479,3.46175,-0.498878,0.619321,3.2699,-0.0154305,0.629232,3.45874,0.34829,0.485426,0.496326,0.152115,0.41993,0.391159,0.337736,0.149962
-0.370559,-0.29482,3.59831,-0.390187,-0.236846,3.71269,-0.379114,0.0638039,3.44442,-0.320653,0.397003,3.34477,-0.119631,-0.352804,3.3457,-0.114444,-0.278874,3.41968,-0.127039,0.0635193,3.36262,-0.166854,0.402314,3.35807,-0.246008,0.403758,3.38405,-0.235137,0.684897,3.31455,-0.223627,0.958543,3.23452,-0.211819,1.09127,3.19528,-0.396687,0.860655,3.21175,-0.0498375,0.870251,3.26889,-0.494301,0.405248,3.1689,0.029839,0.406365,3.38796,-0.486285,0.616974,3.24824,0.00395587,0.625667,3.38816,0.351657,0.488313,0.490521,0.154465,0.408144,0.391385,0.34685,0.153799
-0.400496,-0.327877,3.65689,-0.392286,-0.243772,3.68421,-0.379386,0.0564807,3.40683,-0.315505,0.396403,3.32581,-0.118692,-0.352186,3.34641,-0.113759,-0.276312,3.41708,-0.125914,0.063732,3.35875,-0.161184,0.399536,3.33531,-0.240885,0.402139,3.36472,-0.230201,0.684091,3.29926,-0.218956,0.958355,3.22274,-0.203916,1.08807,3.17122,-0.392288,0.860353,3.19836,-0.0439838,0.870604,3.25299,-0.493943,0.400753,3.16808,0.0357604,0.400485,3.36381,-0.481096,0.616483,3.23531,0.011245,0.620457,3.37319,0.352711,0.487227,0.49236,0.154645,0.408715,0.394126,0.348304,0.154321
-0.400015,-0.313677,3.61905,-0.386327,-0.231419,3.62988,-0.372087,0.0639524,3.3468,-0.308456,0.394912,3.29797,-0.118448,-0.35212,3.34646,-0.113671,-0.274714,3.41435,-0.123745,0.0640225,3.35225,-0.155272,0.394197,3.30932,-0.23422,0.398568,3.33734,-0.220136,0.681365,3.26888,-0.205242,0.956635,3.18983,-0.194844,1.08638,3.15129,-0.385482,0.85892,3.17763,-0.0335005,0.866012,3.22108,-0.493201,0.396576,3.16753,0.0473106,0.395125,3.30825,-0.476491,0.620899,3.22133,0.0273965,0.615559,3.32884,0.354724,0.48551,0.495201,0.153605,0.40736,0.393714,0.351981,0.153184
-0.403854,-0.326361,3.57754,-0.384303,-0.245548,3.59439,-0.376057,0.0635243,3.32691,-0.304432,0.394034,3.27944,-0.119498,-0.352693,3.34863,-0.113206,-0.27382,3.41331,-0.122572,0.0648192,3.34638,-0.15131,0.391601,3.29206,-0.230231,0.396848,3.31963,-0.218079,0.679231,3.2524,-0.205089,0.954023,3.17443,-0.189379,1.08416,3.12665,-0.380079,0.85915,3.15637,-0.0293195,0.861913,3.20412,-0.493495,0.395452,3.16793,0.0499863,0.396694,3.28794,-0.475629,0.621803,3.21536,0.0322863,0.617077,3.31583,0.354005,0.487036,0.49377,0.15366,0.404375,0.391087,0.35076,0.153122
-0.403515,-0.340256,3.50613,-0.377305,-0.259998,3.53499,-0.373166,0.0470767,3.28758,-0.300684,0.392505,3.25304,-0.119731,-0.353472,3.34757,-0.11368,-0.273786,3.41086,-0.119118,0.0597716,3.33112,-0.146021,0.387336,3.26611,-0.225677,0.393967,3.29344,-0.210385,0.6771,3.22567,-0.194386,0.952541,3.14723,-0.183323,1.08253,3.10937,-0.374091,0.857627,3.13465,-0.0205127,0.858337,3.17567,-0.492899,0.394037,3.16684,0.0552646,0.386196,3.2382,-0.473347,0.622326,3.20635,0.049693,0.60766,3.26321,0.355951,0.485532,0.495755,0.1553,0.404227,0.394147,0.353578,0.154663
-0.393298,-0.348912,3.43849,-0.377622,-0.265469,3.46663,-0.366991,0.0481111,3.24078,-0.296073,0.389932,3.22594,-0.119706,-0.353566,3.34725,-0.114414,-0.272775,3.40841,-0.117294,0.0570123,3.3093,-0.140908,0.379606,3.23305,-0.220791,0.388938,3.26349,-0.205364,0.671996,3.19596,-0.189441,0.947297,3.118,-0.169581,1.07039,3.06813,-0.367991,0.854861,3.11311,-0.0126629,0.847714,3.12907,-0.493317,0.39378,3.16462,0.0586626,0.391144,3.1878,-0.473227,0.623277,3.19694,0.0490448,0.609447,3.23843,0.355758,0.483799,0.496372,0.15567,0.401626,0.385557,0.355328,0.155164
-0.387462,-0.370994,3.36914,-0.373992,-0.287212,3.40216,-0.365372,0.0407132,3.21839,-0.294663,0.389037,3.20861,-0.119883,-0.353762,3.34722,-0.115388,-0.272205,3.4062,-0.117507,0.0570439,3.30362,-0.139796,0.380443,3.22401,-0.219509,0.389,3.25056,-0.20438,0.671667,3.18069,-0.188822,0.946458,3.10006,-0.170444,1.07114,3.06171,-0.367,0.85265,3.0899,-0.0117757,0.848336,3.12582,-0.494698,0.39932,3.16088,0.0634432,0.38281,3.17328,-0.471112,0.622207,3.18525,0.0511824,0.602705,3.21461,0.357062,0.484006,0.494929,0.155868,0.39856,0.393983,0.355225,0.154867
-0.384274,-0.370968,3.28632,-0.373816,-0.288499,3.33771,-0.361686,0.0445124,3.18367,-0.291889,0.38668,3.18888,-0.119848,-0.354751,3.34729,-0.115832,-0.272712,3.40536,-0.117336,0.057941,3.30008,-0.139463,0.380131,3.21455,-0.218117,0.387694,3.23607,-0.203012,0.67144,3.16675,-0.187462,0.947233,3.08681,-0.174081,1.07395,3.04649,-0.363266,0.850633,3.06615,-0.0116574,0.850181,3.12099,-0.499762,0.397326,3.15429,0.0658357,0.380024,3.16192,-0.470846,0.617878,3.16918,0.0521464,0.600604,3.19927,0.355861,0.485191,0.496019,0.154711,0.404171,0.396517,0.351609,0.152425
-0.374302,-0.397893,3.20173,-0.372434,-0.313979,3.2498,-0.352818,0.0396424,3.1441,-0.290823,0.380105,3.16619,-0.119995,-0.357925,3.34541,-0.117412,-0.274845,3.40047,-0.116377,0.0552685,3.27813,-0.136398,0.370948,3.17555,-0.215999,0.379525,3.20504,-0.201731,0.662665,3.13011,-0.187118,0.937868,3.04421,-0.173707,1.06472,3.01302,-0.362585,0.846164,3.04767,-0.00913105,0.839374,3.06977,-0.503542,0.394296,3.14298,0.0644661,0.370316,3.09262,-0.471661,0.61468,3.15584,0.0549864,0.589153,3.14412,0.354209,0.486218,0.496798,0.154979,0.404075,0.397158,0.353454,0.154425
-0.375903,-0.402969,3.11101,-0.363645,-0.324418,3.17362,-0.354582,0.0162723,3.10457,-0.289296,0.370474,3.14353,-0.12086,-0.361885,3.34421,-0.117944,-0.277858,3.3949,-0.115459,0.0472815,3.26739,-0.134497,0.361706,3.15713,-0.21419,0.369956,3.18427,-0.201741,0.654221,3.11083,-0.188657,0.930499,3.02671,-0.172636,1.05708,2.98183,-0.362133,0.839203,3.0224,-0.0101501,0.820438,3.0322,-0.51178,0.390804,3.13154,0.0652261,0.371985,3.04699,-0.474398,0.610433,3.13974,0.0519865,0.586621,3.11632,0.352619,0.489575,0.491433,0.155643,0.40736,0.393705,0.351983,0.154799
-0.376953,-0.412598,3.01367,-0.368667,-0.334119,3.10134,-0.351706,0.0078676,3.08128,-0.289765,0.364594,3.12876,-0.121337,-0.362806,3.34407,-0.118377,-0.27891,3.39382,-0.113889,0.0418339,3.25506,-0.135819,0.354372,3.1394,-0.215083,0.363373,3.16809,-0.20061,0.646219,3.08797,-0.184947,0.920943,2.99597,-0.175224,1.05273,2.96414,-0.366092,0.830731,3.00129,-0.0116948,0.818663,3.02314,-0.520651,0.382542,3.11624,0.0588843,0.361029,3.0339,-0.478306,0.601323,3.12059,0.051227,0.577558,3.09785,0.355275,0.489242,0.49446,0.154652,0.415633,0.389352,0.354397,0.153946
-0.369385,-0.427734,2.91211,-0.366799,-0.348533,3.01733,-0.349327,-0.0170018,3.03642,-0.289972,0.351797,3.09912,-0.121503,-0.36447,3.34091,-0.121202,-0.27999,3.38627,-0.112588,0.035123,3.23,-0.135169,0.339741,3.10538,-0.214912,0.349557,3.13625,-0.201159,0.632308,3.05337,-0.186798,0.907412,2.96061,-0.181135,1.03794,2.92484,-0.371013,0.820078,2.97142,-0.0208785,0.800643,2.97027,-0.529051,0.37543,3.10102,0.0497816,0.344732,2.98991,-0.484556,0.593268,3.09378,0.0479725,0.5637,3.04457,0.350675,0.4921,0.493706,0.155397,0.41925,0.38691,0.350135,0.154802
-0.36538,-0.418324,2.88007,-0.365789,-0.347308,2.98038,-0.34867,-0.0214218,3.0304,-0.289356,0.344136,3.08231,-0.122881,-0.365022,3.34022,-0.121047,-0.28093,3.38609,-0.112705,0.0346469,3.22923,-0.134743,0.337358,3.09851,-0.214383,0.344862,3.12498,-0.202723,0.629726,3.04451,-0.190227,0.906201,2.95277,-0.187907,1.03665,2.91717,-0.376591,0.809265,2.95183,-0.0219627,0.800569,2.96929,-0.542942,0.360691,3.07927,0.0463067,0.341928,2.98466,-0.49652,0.578319,3.07256,0.0466733,0.56095,3.04009,0.355164,0.490896,0.493945,0.155608,0.435129,0.385261,0.354628,0.154613
-0.365967,-0.428467,2.80859,-0.363732,-0.361756,2.91381,-0.342739,-0.0547689,2.97982,-0.292856,0.329527,3.0502,-0.12259,-0.367521,3.33828,-0.122876,-0.283276,3.38098,-0.115668,0.0330169,3.19985,-0.136489,0.323145,3.06116,-0.217131,0.329789,3.08935,-0.21045,0.614216,3.00321,-0.203544,0.890771,2.90657,-0.202083,1.02463,2.87888,-0.385149,0.794663,2.91852,-0.0317299,0.787247,2.92785,-0.555304,0.344537,3.05641,0.0347696,0.33295,2.9393,-0.506615,0.561941,3.05105,0.0282043,0.550312,3.00262,0.35362,0.492149,0.494104,0.156881,0.441002,0.378586,0.353419,0.156367
-0.363694,-0.428618,2.80435,-0.362694,-0.361701,2.91091,-0.342401,-0.0539795,2.97361,-0.292364,0.323356,3.02902,-0.122183,-0.368564,3.33825,-0.123529,-0.284481,3.3799,-0.115945,0.0328802,3.19979,-0.136551,0.322195,3.05464,-0.21696,0.32686,3.07697,-0.215024,0.612038,2.99482,-0.213501,0.888617,2.89988,-0.213514,1.01856,2.86873,-0.392639,0.786655,2.89958,-0.0373607,0.788581,2.92489,-0.567525,0.334824,3.03343,0.0348078,0.327349,2.93864,-0.518119,0.551708,3.02161,0.0250476,0.545624,2.99866,0.356184,0.491382,0.494155,0.15791,0.450106,0.38291,0.355278,0.155814
-0.352978,-0.444011,2.77014,-0.35524,-0.367442,2.88333,-0.338701,-0.0476921,2.92613,-0.297811,0.311994,2.99959,-0.120974,-0.371449,3.33639,-0.12405,-0.287297,3.3739,-0.117925,0.0245111,3.1859,-0.141573,0.307675,3.01171,-0.22239,0.313098,3.03922,-0.231984,0.594947,2.95232,-0.240303,0.869669,2.85777,-0.230916,1.00851,2.83659,-0.404049,0.776814,2.869,-0.0598763,0.774761,2.88052,-0.589422,0.32525,3.00047,0.0204672,0.30799,2.91313,-0.532329,0.540721,2.99148,0.013161,0.529392,2.95931,0.344372,0.494366,0.491988,0.156767,0.450353,0.384202,0.344173,0.156239
-0.3536,-0.453738,2.76315,-0.35487,-0.380621,2.86616,-0.341317,-0.0606089,2.90473,-0.302371,0.302172,2.96696,-0.117545,-0.373531,3.33329,-0.12684,-0.28997,3.36342,-0.125512,-0.00159426,3.16994,-0.144631,0.302721,2.98301,-0.226021,0.306061,3.00948,-0.237091,0.590884,2.9308,-0.24697,0.866963,2.83937,-0.247341,1.00412,2.81274,-0.419833,0.76548,2.83867,-0.0699664,0.772002,2.86315,-0.599243,0.314442,2.97326,0.0139633,0.304545,2.89881,-0.545486,0.530681,2.96029,0.00566069,0.526065,2.94586,0.350783,0.494884,0.490067,0.158555,0.457578,0.382154,0.349867,0.15774
-0.354689,-0.457529,2.76218,-0.356305,-0.387405,2.85728,-0.349803,-0.0678917,2.87092,-0.306322,0.298987,2.9326,-0.111782,-0.374097,3.32262,-0.126963,-0.291268,3.35412,-0.129236,-0.00519004,3.15771,-0.149278,0.304461,2.9522,-0.230475,0.305309,2.97636,-0.24808,0.59057,2.89802,-0.264269,0.867392,2.80911,-0.265971,1.00145,2.77859,-0.436346,0.756207,2.80726,-0.0843485,0.772012,2.83763,-0.615467,0.307543,2.93089,0.00592224,0.302789,2.88147,-0.55595,0.523315,2.92739,-0.0092525,0.525254,2.9218,0.353659,0.491597,0.485743,0.158358,0.464928,0.384199,0.351998,0.157045
-0.355507,-0.461911,2.76263,-0.35726,-0.389004,2.85079,-0.352938,-0.0579358,2.84384,-0.312399,0.299867,2.91003,-0.107933,-0.379003,3.31676,-0.124825,-0.296607,3.34615,-0.133248,-0.00779467,3.13,-0.156353,0.307256,2.9242,-0.237086,0.30708,2.95136,-0.255892,0.593531,2.87354,-0.273265,0.8715,2.78498,-0.27678,1.00379,2.76118,-0.447045,0.756231,2.78132,-0.0972836,0.77327,2.81021,-0.625172,0.315649,2.9006,-0.00191327,0.301357,2.86437,-0.566923,0.529886,2.87807,-0.0216034,0.524081,2.90154,0.351366,0.492913,0.483373,0.156862,0.462946,0.38724,0.349761,0.156046
-0.355231,-0.463304,2.76457,-0.357306,-0.389474,2.84733,-0.352956,-0.0503341,2.82869,-0.318025,0.300808,2.87787,-0.103322,-0.382192,3.28835,-0.118699,-0.299656,3.31451,-0.132661,-0.0132692,3.07981,-0.161443,0.308804,2.89504,-0.242577,0.308415,2.92049,-0.264599,0.595632,2.84063,-0.285298,0.874304,2.75002,-0.292357,1.00897,2.73261,-0.460031,0.758128,2.74402,-0.105394,0.777517,2.7813,-0.636988,0.308111,2.85001,-0.0141357,0.30302,2.83314,-0.573653,0.523609,2.85444,-0.0361888,0.526266,2.86619,0.357118,0.497217,0.485561,0.157722,0.470563,0.38524,0.354636,0.156581
-0.356404,-0.467126,2.76432,-0.35748,-0.390319,2.84357,-0.353963,-0.0488051,2.8165,-0.323423,0.30252,2.84306,-0.0964091,-0.377056,3.28033,-0.122083,-0.299343,3.29239,-0.137303,-0.0150103,3.04584,-0.167956,0.312992,2.8623,-0.248619,0.311445,2.88687,-0.274661,0.598548,2.81169,-0.298798,0.877009,2.7251,-0.30173,1.01272,2.71217,-0.466658,0.759516,2.71731,-0.114901,0.781177,2.75424,-0.648412,0.303731,2.80527,-0.0204433,0.308493,2.80815,-0.587826,0.520152,2.80576,-0.0427344,0.531128,2.84836,0.354353,0.495151,0.483412,0.157003,0.476076,0.385709,0.351757,0.155468
-0.353903,-0.462962,2.7713,-0.358512,-0.387113,2.84255,-0.357586,-0.04843,2.80615,-0.329781,0.302897,2.8235,-0.0980259,-0.388578,3.23963,-0.11997,-0.307608,3.27828,-0.139491,-0.0191033,3.02754,-0.175023,0.312881,2.84288,-0.255452,0.3116,2.86729,-0.281475,0.600217,2.79418,-0.3055,0.879857,2.71031,-0.313242,1.01597,2.69503,-0.473538,0.76148,2.68955,-0.123749,0.783223,2.74199,-0.656011,0.303891,2.75003,-0.0249241,0.309561,2.79665,-0.595232,0.527547,2.76414,-0.0497468,0.532148,2.83667,0.354366,0.498906,0.483767,0.156286,0.47962,0.387693,0.349789,0.154758
-0.35314,-0.461428,2.77432,-0.358507,-0.386896,2.8425,-0.360436,-0.0478165,2.79804,-0.339221,0.302554,2.79518,-0.0924791,-0.392897,3.21311,-0.118373,-0.313512,3.23963,-0.142202,-0.0294972,2.98698,-0.184447,0.313786,2.81939,-0.26502,0.311942,2.84148,-0.290342,0.601333,2.77113,-0.31377,0.881669,2.69009,-0.321581,1.01883,2.6774,-0.480706,0.759531,2.66492,-0.133355,0.787037,2.72233,-0.662912,0.300281,2.70173,-0.0378992,0.322301,2.77071,-0.600057,0.5294,2.72778,-0.0555986,0.545457,2.81254,0.353136,0.495795,0.485796,0.157059,0.484001,0.376279,0.347351,0.154774
-0.355985,-0.466002,2.77043,-0.358177,-0.387072,2.83932,-0.363407,-0.0478216,2.78095,-0.34847,0.298565,2.76078,-0.095974,-0.404482,3.14237,-0.113683,-0.323223,3.17795,-0.1443,-0.0375314,2.9513,-0.192069,0.308976,2.78901,-0.273587,0.307486,2.809,-0.29869,0.597174,2.7399,-0.321874,0.877837,2.66036,-0.331001,1.01766,2.64575,-0.4902,0.756304,2.63583,-0.140137,0.785576,2.69378,-0.662125,0.301525,2.63865,-0.0481067,0.328067,2.72782,-0.601456,0.523451,2.67924,-0.0596003,0.547872,2.78969,0.356031,0.4952,0.488789,0.15927,0.479315,0.367908,0.350063,0.156401
-0.354934,-0.463982,2.77155,-0.358076,-0.385449,2.83776,-0.365688,-0.050093,2.76749,-0.352815,0.294995,2.74038,-0.0933811,-0.408229,3.09003,-0.125489,-0.331429,3.1213,-0.146048,-0.0453145,2.90608,-0.196813,0.30794,2.76725,-0.278202,0.305185,2.78799,-0.302876,0.594703,2.72047,-0.325671,0.875168,2.64237,-0.335745,1.01408,2.62922,-0.493364,0.754538,2.61568,-0.144403,0.784797,2.67729,-0.660769,0.288286,2.58005,-0.0476933,0.328874,2.71059,-0.599915,0.522241,2.64463,-0.0633192,0.549285,2.76872,0.355648,0.496471,0.488089,0.158826,0.491627,0.368621,0.348961,0.156001
-0.353385,-0.461544,2.77361,-0.358061,-0.385037,2.83733,-0.36708,-0.0517461,2.76197,-0.356271,0.290777,2.72418,-0.0891024,-0.42962,3.02054,-0.112554,-0.351239,3.06464,-0.146399,-0.0511592,2.89212,-0.200872,0.305697,2.74856,-0.282028,0.301918,2.77055,-0.307778,0.593441,2.69937,-0.331754,0.876178,2.61716,-0.340852,1.01378,2.60819,-0.495497,0.749838,2.59595,-0.149436,0.783214,2.65704,-0.655954,0.285872,2.5273,-0.0489814,0.327374,2.69435,-0.601541,0.510283,2.60411,-0.0672312,0.548234,2.7495,0.352993,0.496552,0.48892,0.158006,0.495415,0.371204,0.346061,0.155399
-0.35294,-0.460743,2.77416,-0.357779,-0.384582,2.8366,-0.369487,-0.0531703,2.75332,-0.358743,0.287897,2.70373,-0.0980979,-0.432001,2.94647,-0.111656,-0.352807,2.99627,-0.14805,-0.06041,2.85125,-0.203543,0.304646,2.72786,-0.284667,0.299978,2.74993,-0.310519,0.590993,2.68107,-0.334398,0.873081,2.60161,-0.343924,1.01092,2.59018,-0.497974,0.746298,2.57158,-0.15104,0.781615,2.64045,-0.642782,0.284203,2.47065,-0.0513545,0.332115,2.66909,-0.597942,0.511154,2.56755,-0.0722938,0.550447,2.73395,0.355463,0.496971,0.487746,0.157956,0.498796,0.366508,0.346934,0.1552
-0.352773,-0.460661,2.77441,-0.3577,-0.384385,2.83569,-0.370084,-0.0553493,2.74806,-0.360589,0.284924,2.68807,-0.0958057,-0.445366,2.87683,-0.111126,-0.368692,2.93373,-0.149702,-0.0579584,2.81443,-0.20533,0.301967,2.71241,-0.286529,0.297147,2.73436,-0.314159,0.588445,2.66305,-0.339993,0.870629,2.581,-0.34708,1.00868,2.5715,-0.500163,0.742155,2.55086,-0.155819,0.778308,2.61969,-0.629362,0.288597,2.42468,-0.0506127,0.329643,2.64882,-0.592668,0.510948,2.53915,-0.0756143,0.547935,2.71175,0.353012,0.49736,0.487799,0.158076,0.496069,0.369646,0.344344,0.155259
-0.352839,-0.460944,2.77467,-0.357139,-0.384635,2.83548,-0.371383,-0.059004,2.74191,-0.361594,0.280985,2.67052,-0.0941162,-0.463867,2.80078,-0.107202,-0.383851,2.86925,-0.150232,-0.0616191,2.78345,-0.206027,0.299084,2.69484,-0.287414,0.293723,2.71681,-0.315434,0.585102,2.64352,-0.34148,0.867254,2.55973,-0.347924,1.00578,2.54666,-0.501293,0.735304,2.53101,-0.159227,0.774926,2.59822,-0.610965,0.304251,2.38079,-0.0499343,0.325549,2.63168,-0.588644,0.510088,2.49996,-0.0792029,0.544198,2.69027,0.350851,0.495364,0.487803,0.158493,0.485017,0.371482,0.342066,0.155566
-0.352317,-0.460987,2.77442,-0.356562,-0.384388,2.8336,-0.371184,-0.0606095,2.73664,-0.363418,0.278174,2.65554,-0.0925293,-0.479248,2.71875,-0.107228,-0.396547,2.80671,-0.14859,-0.0734149,2.74413,-0.207468,0.29587,2.67699,-0.289102,0.290698,2.70041,-0.316139,0.582364,2.62587,-0.341067,0.864701,2.54075,-0.348358,1.00148,2.52832,-0.501418,0.731971,2.50991,-0.160635,0.770326,2.57415,-0.597109,0.310413,2.34732,-0.0489443,0.324914,2.60952,-0.582719,0.509069,2.47829,-0.0812694,0.542157,2.6716,0.348899,0.496168,0.487727,0.15841,0.480095,0.371404,0.340784,0.155951
-0.351772,-0.461294,2.77424,-0.35646,-0.384657,2.83292,-0.370553,-0.0615944,2.7311,-0.363625,0.273932,2.63713,-0.0927124,-0.483398,2.65625,-0.110036,-0.4095,2.74417,-0.148392,-0.0747145,2.71628,-0.207942,0.292493,2.65632,-0.289465,0.286848,2.68086,-0.31643,0.577624,2.6047,-0.341276,0.858949,2.51802,-0.345679,0.995242,2.50909,-0.499706,0.727083,2.49263,-0.15915,0.767569,2.55831,-0.578016,0.314438,2.3128,-0.0490553,0.319445,2.59052,-0.578246,0.511405,2.44898,-0.0805547,0.536893,2.65143,0.349186,0.494715,0.487529,0.157956,0.47212,0.37195,0.340556,0.155683
-0.351677,-0.464291,2.77275,-0.354278,-0.387415,2.83031,-0.369597,-0.0640657,2.72218,-0.362241,0.269068,2.61581,-0.0895996,-0.490479,2.58203,-0.107594,-0.410353,2.68361,-0.142452,-0.099394,2.67402,-0.207647,0.289771,2.64161,-0.288684,0.283109,2.66299,-0.315379,0.573689,2.58869,-0.339993,0.854846,2.50379,-0.3436,0.992207,2.49132,-0.498412,0.720888,2.46745,-0.156491,0.763604,2.54017,-0.562967,0.322439,2.28847,-0.0488076,0.310564,2.57728,-0.574285,0.507629,2.43164,-0.0797327,0.528917,2.63349,0.352168,0.494664,0.487264,0.158094,0.463201,0.374733,0.341921,0.154594
-0.352481,-0.466834,2.77064,-0.352616,-0.389728,2.82663,-0.368531,-0.0677587,2.71376,-0.361595,0.264325,2.59892,-0.0915487,-0.488644,2.538,-0.108776,-0.417271,2.63542,-0.139181,-0.10103,2.64267,-0.206089,0.283742,2.62028,-0.287584,0.27763,2.64374,-0.313239,0.568643,2.56759,-0.336727,0.850197,2.48085,-0.338775,0.989384,2.46978,-0.494355,0.717666,2.44957,-0.151987,0.755959,2.51693,-0.545316,0.324329,2.26767,-0.0474579,0.306049,2.55521,-0.567156,0.50383,2.41071,-0.0751209,0.524591,2.61646,0.351026,0.495427,0.486413,0.158163,0.451111,0.373829,0.342367,0.155506
-0.351897,-0.469044,2.769,-0.352414,-0.39184,2.82459,-0.366951,-0.0708373,2.69902,-0.359014,0.25883,2.57546,-0.0872153,-0.503112,2.48013,-0.104286,-0.42696,2.59259,-0.138507,-0.111108,2.61026,-0.204556,0.278862,2.60072,-0.285525,0.272395,2.62225,-0.308777,0.564022,2.54724,-0.329997,0.846021,2.46147,-0.33465,0.984688,2.45371,-0.487189,0.713171,2.42651,-0.147466,0.753091,2.50497,-0.525392,0.324735,2.2485,-0.0441437,0.301438,2.549,-0.561304,0.499257,2.39577,-0.0733749,0.519938,2.60322,0.350942,0.495016,0.487156,0.157786,0.439801,0.372806,0.339723,0.154458
-0.352031,-0.471024,2.76778,-0.351581,-0.393949,2.82311,-0.365095,-0.0763817,2.68823,-0.357055,0.253837,2.55722,-0.0862164,-0.511856,2.44394,-0.0984783,-0.439986,2.54507,-0.138846,-0.118243,2.58828,-0.201837,0.272296,2.57861,-0.283177,0.266583,2.60208,-0.304857,0.559493,2.52866,-0.324669,0.842629,2.44454,-0.329106,0.979089,2.43659,-0.481776,0.709029,2.40583,-0.143988,0.750193,2.4897,-0.501691,0.308537,2.22009,-0.0400508,0.287723,2.54113,-0.550229,0.493553,2.37194,-0.0659992,0.507468,2.58981,0.35047,0.495654,0.489526,0.157768,0.443775,0.379654,0.337788,0.155218
-0.35159,-0.472567,2.76604,-0.349481,-0.395537,2.82079,-0.363028,-0.0822802,2.67291,-0.352181,0.244242,2.52822,-0.084587,-0.513688,2.41241,-0.0993702,-0.438193,2.52513,-0.1348,-0.122283,2.54643,-0.195544,0.264124,2.54625,-0.27756,0.257582,2.57139,-0.296081,0.550897,2.49979,-0.312746,0.834352,2.41735,-0.315896,0.97269,2.40995,-0.472282,0.704438,2.38309,-0.131619,0.739251,2.45851,-0.493657,0.305271,2.21615,-0.0316047,0.273459,2.5193,-0.542975,0.489215,2.35849,-0.0591232,0.493142,2.56612,0.350645,0.497261,0.48737,0.158919,0.424052,0.383797,0.340664,0.156637
-0.351466,-0.475543,2.7621,-0.346883,-0.398358,2.81459,-0.360571,-0.0913822,2.65626,-0.345284,0.236589,2.50724,-0.0847443,-0.523736,2.37997,-0.0963897,-0.454302,2.48228,-0.132313,-0.128534,2.52617,-0.188772,0.255839,2.52297,-0.270651,0.249552,2.54928,-0.28621,0.541604,2.4758,-0.299693,0.82375,2.39166,-0.30274,0.964587,2.38461,-0.460685,0.700589,2.35897,-0.119226,0.727925,2.43228,-0.479927,0.29938,2.20994,-0.0218118,0.263757,2.49682,-0.530672,0.48502,2.34379,-0.0460731,0.484515,2.53806,0.350309,0.500597,0.485722,0.158474,0.408511,0.384118,0.34146,0.156512
-0.351663,-0.476564,2.76109,-0.346056,-0.399153,2.81152,-0.359734,-0.0976079,2.64164,-0.334253,0.227741,2.47689,-0.0861851,-0.531188,2.3709,-0.098056,-0.457435,2.4776,-0.130151,-0.132037,2.50498,-0.178109,0.250036,2.49737,-0.25969,0.242225,2.52137,-0.276528,0.536711,2.45413,-0.291501,0.820853,2.37554,-0.29082,0.959655,2.36662,-0.449755,0.696277,2.33811,-0.111479,0.721805,2.41586,-0.466565,0.288976,2.20484,-0.0151406,0.25685,2.48635,-0.514923,0.479217,2.32655,-0.0417008,0.477449,2.52577,0.348032,0.502122,0.483373,0.15905,0.399539,0.384296,0.338276,0.156143
-0.351719,-0.479003,2.75733,-0.345022,-0.401225,2.80419,-0.355349,-0.10272,2.6139,-0.329603,0.221945,2.45025,-0.0879013,-0.531684,2.37172,-0.0996291,-0.459271,2.47268,-0.128342,-0.131031,2.47831,-0.172148,0.239959,2.4646,-0.254377,0.234266,2.49167,-0.262665,0.528194,2.42172,-0.267791,0.811876,2.34035,-0.269355,0.949174,2.33393,-0.437308,0.691995,2.31378,-0.0884566,0.708466,2.37512,-0.456762,0.277416,2.20072,-0.00317223,0.242119,2.4649,-0.505306,0.477057,2.32063,-0.030094,0.46393,2.49067,0.354585,0.501169,0.484262,0.159131,0.38653,0.388639,0.348851,0.157455
-0.352475,-0.481626,2.75047,-0.344472,-0.403119,2.7915,-0.350868,-0.0980373,2.57095,-0.324334,0.220864,2.42677,-0.0966441,-0.518776,2.38659,-0.100922,-0.457052,2.46998,-0.123112,-0.12,2.45611,-0.166904,0.238201,2.44298,-0.249061,0.23278,2.46907,-0.254471,0.526271,2.40103,-0.258237,0.809662,2.32246,-0.254006,0.948995,2.31196,-0.424398,0.690711,2.29286,-0.0799512,0.706737,2.36147,-0.446498,0.260721,2.2036,0.00362488,0.234594,2.43917,-0.488368,0.468349,2.3043,-0.0184256,0.456703,2.46727,0.35158,0.498701,0.483458,0.159208,0.382581,0.391335,0.344447,0.157429
-0.356277,-0.479667,2.74849,-0.345884,-0.402523,2.76584,-0.350079,-0.0960808,2.53852,-0.319091,0.222718,2.39655,-0.09745,-0.518491,2.38729,-0.101702,-0.454766,2.46824,-0.119489,-0.117231,2.44501,-0.161393,0.236968,2.4104,-0.243669,0.233149,2.43775,-0.243317,0.526733,2.3684,-0.240901,0.810074,2.28774,-0.234414,0.948268,2.28198,-0.409946,0.692825,2.26351,-0.060997,0.707995,2.32288,-0.444288,0.25508,2.20421,0.0145006,0.229367,2.42057,-0.477348,0.465425,2.29145,-0.00505168,0.45243,2.43331,0.354289,0.496945,0.489495,0.158945,0.375689,0.397012,0.348949,0.157697
-0.361582,-0.484893,2.71862,-0.352938,-0.406216,2.74454,-0.355151,-0.0981837,2.49429,-0.313021,0.225055,2.37285,-0.0985196,-0.517656,2.38837,-0.101498,-0.450558,2.46445,-0.117276,-0.114052,2.42976,-0.155729,0.236223,2.38698,-0.237752,0.23396,2.41418,-0.23649,0.526055,2.34527,-0.233917,0.807897,2.26598,-0.216425,0.947953,2.25334,-0.400012,0.695507,2.24506,-0.0517585,0.706454,2.3002,-0.443135,0.245553,2.20463,0.0270655,0.229404,2.39878,-0.466422,0.459961,2.27595,0.00462731,0.45212,2.40172,0.352761,0.495198,0.489344,0.15832,0.375718,0.400409,0.348253,0.157292
-0.369118,-0.478727,2.70594,-0.355744,-0.393948,2.71256,-0.35956,-0.0945522,2.44282,-0.307615,0.227625,2.34594,-0.0991782,-0.517377,2.38909,-0.101169,-0.449532,2.46353,-0.11546,-0.111895,2.41998,-0.151992,0.235154,2.36483,-0.233184,0.234662,2.38974,-0.229037,0.526659,2.32464,-0.223826,0.808285,2.24811,-0.207975,0.945563,2.23038,-0.390461,0.697021,2.221,-0.0419288,0.707987,2.28303,-0.445041,0.23731,2.20847,0.036447,0.228158,2.38312,-0.459638,0.456515,2.26368,0.0131023,0.450632,2.38127,0.354178,0.492755,0.492317,0.156946,0.379309,0.403738,0.348532,0.155623
-0.374366,-0.484402,2.67006,-0.357527,-0.397585,2.67151,-0.358551,-0.0971013,2.40236,-0.303373,0.228117,2.32721,-0.0994482,-0.515489,2.39028,-0.101371,-0.445786,2.46098,-0.1099,-0.106969,2.39906,-0.145947,0.230955,2.3398,-0.228016,0.233049,2.36794,-0.220104,0.523419,2.29939,-0.210753,0.803095,2.22003,-0.190463,0.939969,2.19581,-0.382239,0.696853,2.20475,-0.0252529,0.703699,2.24836,-0.44827,0.230141,2.2112,0.0511747,0.225376,2.33822,-0.455724,0.452179,2.25249,0.0286218,0.448407,2.34974,0.359705,0.490847,0.496403,0.157954,0.381902,0.404882,0.356987,0.157426
-0.378174,-0.491943,2.60938,-0.357303,-0.3959,2.6315,-0.359034,-0.0997061,2.35727,-0.298425,0.227898,2.30445,-0.100078,-0.51544,2.39124,-0.101136,-0.44517,2.46047,-0.107495,-0.104451,2.38868,-0.141826,0.228228,2.32201,-0.223399,0.231407,2.34757,-0.212815,0.521309,2.28196,-0.201287,0.800591,2.20517,-0.184511,0.934327,2.17628,-0.376217,0.697982,2.18978,-0.0199173,0.703455,2.23555,-0.456277,0.222912,2.21048,0.0591198,0.22236,2.31937,-0.454324,0.450266,2.24634,0.0396771,0.445813,2.32975,0.359269,0.490081,0.498175,0.157582,0.391695,0.405854,0.356299,0.156599
-0.377197,-0.496094,2.55664,-0.354993,-0.410433,2.58408,-0.354995,-0.10151,2.32268,-0.296149,0.227076,2.28455,-0.10038,-0.515371,2.39199,-0.101106,-0.444762,2.46011,-0.103538,-0.103795,2.37515,-0.139365,0.223766,2.29788,-0.221019,0.228873,2.32559,-0.206696,0.518151,2.2598,-0.19139,0.796731,2.18307,-0.17757,0.927449,2.1461,-0.368459,0.69798,2.16935,-0.0133079,0.697041,2.21214,-0.464213,0.219579,2.20916,0.069971,0.225279,2.27613,-0.455812,0.45067,2.23609,0.0522474,0.448771,2.29733,0.357721,0.490154,0.497222,0.157384,0.397524,0.403219,0.355151,0.156784
-0.377008,-0.514806,2.48827,-0.354222,-0.441293,2.52705,-0.354615,-0.112678,2.28897,-0.289596,0.22404,2.25678,-0.100385,-0.51526,2.39215,-0.100615,-0.443779,2.45825,-0.101283,-0.0995826,2.3613,-0.132648,0.220787,2.2718,-0.214302,0.225795,2.29855,-0.19995,0.513682,2.23584,-0.184878,0.791054,2.1623,-0.173297,0.918689,2.12112,-0.365178,0.695742,2.1531,-0.00795036,0.694323,2.18953,-0.474539,0.224906,2.20322,0.0783293,0.222703,2.25007,-0.456552,0.4523,2.22783,0.0574544,0.448032,2.27395,0.359083,0.48884,0.496542,0.157699,0.399818,0.402877,0.357227,0.156948
-0.375732,-0.53125,2.41406,-0.352863,-0.45605,2.4547,-0.349183,-0.11464,2.24735,-0.285342,0.22155,2.24083,-0.100439,-0.515875,2.39195,-0.100193,-0.444054,2.45653,-0.0993018,-0.1019,2.3499,-0.128173,0.217304,2.25499,-0.209913,0.222792,2.28223,-0.195182,0.507951,2.2144,-0.179801,0.781844,2.13512,-0.165512,0.905797,2.08338,-0.361276,0.693495,2.13291,-0.000676484,0.688745,2.15963,-0.492216,0.233283,2.19152,0.0883555,0.218145,2.19995,-0.460624,0.455055,2.21402,0.0690878,0.442445,2.22713,0.36162,0.490046,0.497599,0.157863,0.405211,0.405697,0.360599,0.157169
-0.368408,-0.538574,2.33984,-0.350291,-0.462434,2.37455,-0.346078,-0.114506,2.21048,-0.280667,0.217094,2.22042,-0.100415,-0.51607,2.39193,-0.100162,-0.443973,2.45545,-0.0973727,-0.102311,2.3365,-0.123657,0.211069,2.23498,-0.205278,0.217387,2.26203,-0.191993,0.501254,2.19182,-0.178186,0.774285,2.11108,-0.164452,0.896632,2.06181,-0.359635,0.688999,2.11343,0.00254665,0.682635,2.13646,-0.498967,0.232102,2.1877,0.0889238,0.213535,2.17203,-0.465127,0.453799,2.20535,0.070451,0.439519,2.21315,0.362968,0.490284,0.498003,0.157799,0.40828,0.402602,0.362181,0.15701
-0.364746,-0.559082,2.24805,-0.348708,-0.479969,2.29632,-0.344208,-0.121461,2.17266,-0.278623,0.211313,2.20042,-0.100511,-0.516631,2.39167,-0.100152,-0.44398,2.45337,-0.0979224,-0.103797,2.32822,-0.121184,0.205712,2.21498,-0.203011,0.211755,2.24202,-0.190745,0.495553,2.17174,-0.177787,0.7685,2.09072,-0.165956,0.88839,2.02909,-0.359715,0.682556,2.09348,0.00272653,0.67681,2.11053,-0.508227,0.232314,2.1802,0.0906791,0.20816,2.14194,-0.46788,0.453022,2.19295,0.071155,0.430657,2.17778,0.362888,0.489982,0.498193,0.158211,0.412506,0.403339,0.362442,0.157439
-0.369141,-0.588867,2.13867,-0.347355,-0.502204,2.22783,-0.341443,-0.145174,2.14237,-0.278858,0.205682,2.18515,-0.100598,-0.518409,2.39054,-0.100071,-0.445371,2.45102,-0.0974414,-0.108796,2.31617,-0.122121,0.197549,2.19674,-0.203615,0.204828,2.22532,-0.19099,0.486951,2.14845,-0.177461,0.758106,2.0598,-0.166506,0.874898,2.00189,-0.359828,0.672277,2.06547,0.00190359,0.669542,2.085,-0.518709,0.231578,2.17031,0.0914732,0.202378,2.10323,-0.469869,0.450504,2.17715,0.0731201,0.423651,2.14909,0.362268,0.488457,0.500646,0.157375,0.416044,0.4035,0.361732,0.156737
-0.361216,-0.591347,2.04672,-0.352,-0.507177,2.14373,-0.339349,-0.162499,2.11301,-0.276531,0.195282,2.16114,-0.100679,-0.520366,2.38987,-0.0995467,-0.446601,2.44806,-0.0969835,-0.111805,2.30495,-0.119204,0.188743,2.17402,-0.20099,0.195067,2.2019,-0.19026,0.477089,2.12256,-0.17878,0.748454,2.03273,-0.170164,0.865527,1.97681,-0.361158,0.662852,2.04239,-0.000220373,0.660441,2.05503,-0.529076,0.223677,2.15858,0.0896009,0.198362,2.07338,-0.475774,0.441227,2.15717,0.0744371,0.419834,2.12007,0.361167,0.48978,0.500815,0.157989,0.424631,0.398032,0.360938,0.157327
-0.359753,-0.592352,1.96563,-0.354895,-0.514859,2.07134,-0.336708,-0.180214,2.08088,-0.275304,0.187057,2.14506,-0.10077,-0.521669,2.38949,-0.0994253,-0.447349,2.44569,-0.0969895,-0.113237,2.29531,-0.117164,0.182872,2.15891,-0.199353,0.187961,2.18636,-0.191958,0.468773,2.10443,-0.184297,0.73837,2.01094,-0.174859,0.854269,1.95311,-0.363716,0.654964,2.0192,-0.00311413,0.655372,2.03694,-0.537492,0.218675,2.15177,0.0839453,0.192105,2.04368,-0.480476,0.434865,2.14441,0.0715322,0.412445,2.09789,0.361038,0.49254,0.501141,0.1588,0.429166,0.395421,0.360602,0.15814
-0.351807,-0.586426,1.89258,-0.34516,-0.525556,1.99602,-0.332306,-0.200276,2.03883,-0.275769,0.174006,2.11757,-0.100526,-0.524778,2.38848,-0.100432,-0.449846,2.44203,-0.0959208,-0.116869,2.27484,-0.116685,0.171527,2.129,-0.199407,0.175556,2.15765,-0.194637,0.455301,2.07176,-0.189074,0.724295,1.97533,-0.181184,0.836513,1.90827,-0.371332,0.644103,1.99291,-0.00850261,0.640085,1.99942,-0.547493,0.209451,2.1415,0.0785538,0.180106,2.00309,-0.486949,0.422695,2.1183,0.0680325,0.399741,2.06149,0.36291,0.495645,0.498037,0.159514,0.435676,0.393803,0.362829,0.159084
-0.358777,-0.59414,1.81598,-0.342576,-0.537199,1.93729,-0.329323,-0.209284,2.00907,-0.277216,0.164297,2.09682,-0.099744,-0.527866,2.38719,-0.101155,-0.452565,2.43903,-0.0955354,-0.120138,2.26003,-0.117646,0.163941,2.10922,-0.200655,0.166819,2.13738,-0.198417,0.445089,2.04882,-0.195437,0.712204,1.94897,-0.188144,0.824845,1.88422,-0.377707,0.631225,1.95935,-0.0154093,0.631387,1.9751,-0.55781,0.196404,2.12321,0.070981,0.173291,1.97617,-0.494697,0.408729,2.09887,0.065434,0.392696,2.03694,0.36264,0.497007,0.496937,0.160052,0.443329,0.389523,0.362298,0.15957
-0.349187,-0.593163,1.78219,-0.340723,-0.544859,1.88639,-0.32677,-0.215781,1.97759,-0.278824,0.152003,2.07193,-0.0997413,-0.529993,2.38655,-0.10259,-0.454327,2.43585,-0.0966173,-0.124554,2.24608,-0.119183,0.152981,2.07894,-0.202304,0.154989,2.10988,-0.205048,0.43262,2.01924,-0.206883,0.699193,1.91748,-0.199917,0.811588,1.8505,-0.385072,0.619764,1.93561,-0.0252433,0.619556,1.94547,-0.566658,0.179708,2.11191,0.0644487,0.166394,1.95102,-0.50991,0.390852,2.07247,0.0546873,0.38568,2.01224,0.359964,0.498672,0.494297,0.159798,0.450903,0.384914,0.359828,0.159641
-0.335516,-0.603034,1.74819,-0.336074,-0.547363,1.86848,-0.321076,-0.232446,1.93586,-0.279728,0.138102,2.03213,-0.0985921,-0.536859,2.38266,-0.104434,-0.460562,2.42626,-0.0983276,-0.132464,2.22263,-0.119239,0.143532,2.04599,-0.202829,0.143254,2.07346,-0.2105,0.420298,1.98578,-0.216431,0.686196,1.88667,-0.212012,0.796142,1.81162,-0.397449,0.60379,1.8951,-0.0346483,0.611288,1.91304,-0.578666,0.167152,2.08008,0.0526054,0.159741,1.92543,-0.519353,0.37809,2.04256,0.0431796,0.380363,1.98147,0.363321,0.499502,0.493587,0.161177,0.456643,0.375174,0.3628,0.160489
-0.332663,-0.624421,1.73406,-0.328112,-0.561028,1.84948,-0.319218,-0.242054,1.91411,-0.281896,0.127161,2.00264,-0.0975467,-0.539605,2.3798,-0.105388,-0.463448,2.42239,-0.102212,-0.139522,2.20785,-0.121152,0.134403,2.01235,-0.204978,0.132996,2.04187,-0.218688,0.408246,1.95429,-0.230961,0.672062,1.85516,-0.225687,0.784486,1.78201,-0.407605,0.591591,1.86652,-0.0489593,0.601079,1.8807,-0.588713,0.150742,2.0546,0.0440325,0.149294,1.89727,-0.531897,0.359687,2.0064,0.0340859,0.369694,1.95491,0.359051,0.500024,0.490234,0.1612,0.461832,0.373268,0.358646,0.160744
-0.33557,-0.650477,1.71832,-0.326484,-0.579549,1.8268,-0.319019,-0.254852,1.87676,-0.284926,0.115895,1.96384,-0.0959672,-0.540896,2.37239,-0.106397,-0.464599,2.40872,-0.104991,-0.147833,2.17469,-0.123958,0.127818,1.97606,-0.208007,0.124033,2.00433,-0.227685,0.399452,1.91672,-0.245359,0.663562,1.81804,-0.243213,0.77231,1.74308,-0.425229,0.575107,1.82712,-0.0605518,0.596006,1.85275,-0.599207,0.132262,2.01407,0.0374192,0.147962,1.87255,-0.542443,0.343121,1.97255,0.0219962,0.368706,1.92795,0.366173,0.499252,0.48829,0.161871,0.467863,0.368074,0.364677,0.160968
-0.335926,-0.654287,1.71702,-0.327196,-0.581221,1.82307,-0.324622,-0.248442,1.84677,-0.288444,0.113829,1.93722,-0.0940849,-0.539303,2.3479,-0.104555,-0.463286,2.38735,-0.107329,-0.151,2.12855,-0.127172,0.125096,1.94942,-0.211486,0.121584,1.97762,-0.234678,0.397253,1.88926,-0.25574,0.661495,1.78975,-0.255777,0.765479,1.70941,-0.434742,0.571057,1.8021,-0.0744,0.595426,1.81672,-0.606493,0.120755,1.9786,0.0284636,0.144382,1.85321,-0.552927,0.331362,1.93234,0.00971916,0.366613,1.90036,0.36146,0.498715,0.491534,0.162124,0.471889,0.366724,0.360342,0.161272
-0.33606,-0.657201,1.71622,-0.327981,-0.582177,1.81989,-0.326964,-0.239712,1.82413,-0.294251,0.11384,1.90043,-0.0946501,-0.50753,2.23884,-0.10512,-0.454439,2.34888,-0.109111,-0.149855,2.08106,-0.132413,0.126717,1.91511,-0.217164,0.122456,1.9421,-0.244719,0.398105,1.85303,-0.269862,0.662115,1.75293,-0.268515,0.763569,1.67851,-0.444382,0.568963,1.75822,-0.0843591,0.597532,1.78724,-0.613935,0.112418,1.92535,0.0189112,0.145184,1.8265,-0.560409,0.325334,1.88733,-0.00318168,0.366778,1.87662,0.362318,0.499899,0.490231,0.163011,0.472407,0.366297,0.360023,0.161838
-0.335543,-0.657546,1.71671,-0.328336,-0.582428,1.81785,-0.328461,-0.236282,1.81068,-0.297252,0.114779,1.87639,-0.0815415,-0.554183,2.30779,-0.107603,-0.481689,2.34197,-0.110804,-0.176368,2.08153,-0.137033,0.127412,1.88988,-0.221088,0.123307,1.91741,-0.251566,0.400798,1.8274,-0.279473,0.666535,1.72636,-0.279514,0.764143,1.65617,-0.448256,0.56445,1.72914,-0.0965301,0.603847,1.75251,-0.614474,0.111537,1.86529,0.00938606,0.15013,1.81098,-0.560451,0.32734,1.84136,-0.0125169,0.373696,1.84995,0.354696,0.496677,0.497494,0.161281,0.465629,0.362215,0.351725,0.160219
-0.335315,-0.657862,1.72052,-0.328786,-0.582026,1.81718,-0.330092,-0.231567,1.7957,-0.301659,0.11525,1.84282,-0.0783142,-0.560331,2.24527,-0.103847,-0.488953,2.2907,-0.112789,-0.185447,2.06051,-0.141684,0.12862,1.86137,-0.225783,0.124207,1.88641,-0.25877,0.402833,1.79872,-0.288655,0.669304,1.70007,-0.288043,0.767062,1.63444,-0.452558,0.563962,1.69982,-0.104383,0.608146,1.73042,-0.613348,0.105064,1.80557,-0.000670573,0.156116,1.78783,-0.565598,0.32482,1.80045,-0.0171675,0.380262,1.82718,0.352299,0.494531,0.498484,0.1616,0.463076,0.357216,0.348176,0.159975
-0.335172,-0.657909,1.72047,-0.329573,-0.581633,1.81562,-0.332569,-0.228285,1.78317,-0.30648,0.115091,1.81206,-0.0786753,-0.565556,2.19304,-0.10326,-0.494064,2.23791,-0.115107,-0.183521,2.0065,-0.145854,0.129747,1.83475,-0.230414,0.124747,1.85766,-0.264587,0.404583,1.77189,-0.295494,0.671961,1.67532,-0.296116,0.768866,1.60832,-0.457441,0.562413,1.66716,-0.110753,0.611401,1.70698,-0.613324,0.104685,1.73974,-0.00774732,0.156862,1.76578,-0.567844,0.32569,1.75027,-0.0215744,0.381063,1.80681,0.352389,0.493844,0.499549,0.162881,0.461075,0.356889,0.346688,0.160626
-0.334149,-0.656891,1.7232,-0.329644,-0.580473,1.81462,-0.334331,-0.224632,1.77049,-0.310813,0.11506,1.79145,-0.079834,-0.574707,2.13086,-0.104411,-0.504641,2.18314,-0.114815,-0.186884,1.98669,-0.150565,0.129842,1.81161,-0.23507,0.124785,1.83577,-0.270039,0.404953,1.74809,-0.301744,0.672556,1.6497,-0.302492,0.770882,1.59134,-0.462005,0.56057,1.64352,-0.116658,0.613711,1.68723,-0.613112,0.103221,1.67505,-0.0134545,0.161699,1.74725,-0.571563,0.323608,1.71133,-0.0239725,0.386008,1.78946,0.352135,0.493174,0.500749,0.162186,0.462684,0.353566,0.345347,0.160248
-0.333258,-0.655154,1.72618,-0.329445,-0.57817,1.81381,-0.334312,-0.219568,1.7584,-0.3115,0.112314,1.76805,-0.0747681,-0.588379,2.05859,-0.106127,-0.51427,2.12056,-0.11471,-0.187059,1.92932,-0.15087,0.129441,1.79045,-0.235624,0.123237,1.81349,-0.272845,0.4034,1.72565,-0.306711,0.670832,1.62699,-0.307052,0.770747,1.57099,-0.466616,0.555292,1.61689,-0.121286,0.614668,1.66682,-0.608375,0.103929,1.61332,-0.017272,0.165454,1.72342,-0.571818,0.32398,1.65922,-0.0267634,0.389595,1.76731,0.353937,0.493091,0.501601,0.163085,0.463555,0.3492,0.34533,0.160629
-0.332637,-0.654035,1.72759,-0.329109,-0.575695,1.81268,-0.33443,-0.21933,1.7493,-0.312021,0.107676,1.7475,-0.0738525,-0.603027,1.98926,-0.101894,-0.529378,2.05599,-0.117055,-0.199791,1.89658,-0.151737,0.126911,1.7707,-0.236386,0.119601,1.79332,-0.275844,0.400735,1.70364,-0.311945,0.669043,1.6031,-0.31004,0.768929,1.55206,-0.46801,0.547371,1.59531,-0.126625,0.614484,1.64605,-0.602098,0.0973688,1.55075,-0.018073,0.167902,1.70546,-0.573068,0.315417,1.61254,-0.0300674,0.391893,1.74961,0.3516,0.490739,0.503879,0.163093,0.471008,0.347362,0.341385,0.160284
-0.332281,-0.65253,1.73266,-0.329125,-0.574911,1.81246,-0.335739,-0.218891,1.73774,-0.314814,0.10257,1.72459,-0.0794678,-0.614746,1.92383,-0.0994567,-0.546981,1.99335,-0.120844,-0.198405,1.83843,-0.154207,0.124976,1.75043,-0.239117,0.116078,1.77177,-0.279037,0.397707,1.68417,-0.315303,0.666318,1.58588,-0.312337,0.765212,1.53372,-0.469509,0.539495,1.57134,-0.1296,0.611728,1.62695,-0.592198,0.0955637,1.49139,-0.0173022,0.169011,1.68242,-0.571124,0.311123,1.573,-0.0316181,0.392274,1.73002,0.351922,0.488181,0.502772,0.164209,0.475948,0.347578,0.339909,0.160607
-0.329896,-0.644159,1.74257,-0.328843,-0.574023,1.81179,-0.335274,-0.218418,1.72788,-0.316154,0.0977693,1.70554,-0.0740967,-0.628418,1.8418,-0.094793,-0.561184,1.92094,-0.118984,-0.217482,1.79931,-0.155668,0.122198,1.72997,-0.240601,0.112182,1.75197,-0.280643,0.393407,1.66291,-0.316955,0.661458,1.56319,-0.312276,0.758763,1.51018,-0.469029,0.534005,1.54857,-0.132039,0.608666,1.60847,-0.577657,0.0959872,1.43275,-0.0178356,0.169619,1.66025,-0.564227,0.307284,1.52222,-0.0327834,0.392313,1.71051,0.350321,0.488173,0.501969,0.164164,0.479219,0.345189,0.33699,0.160486
-0.330843,-0.64878,1.73619,-0.328279,-0.575697,1.81083,-0.335716,-0.223973,1.71849,-0.316436,0.091717,1.68293,-0.0698853,-0.643066,1.75684,-0.0889457,-0.577402,1.84947,-0.116984,-0.242037,1.75985,-0.156177,0.117769,1.70919,-0.241068,0.106874,1.73027,-0.282375,0.388914,1.6421,-0.319788,0.657582,1.54321,-0.310739,0.753707,1.49439,-0.467754,0.528005,1.52338,-0.132561,0.605358,1.58876,-0.561604,0.098578,1.38096,-0.0167992,0.16819,1.64154,-0.555998,0.308014,1.49061,-0.0343345,0.390556,1.69205,0.35016,0.48857,0.502795,0.164472,0.480061,0.345325,0.335193,0.160259
-0.330148,-0.645068,1.74103,-0.328016,-0.575773,1.81046,-0.335265,-0.223757,1.70652,-0.31601,0.0872085,1.66615,-0.0683594,-0.655762,1.67773,-0.085399,-0.588719,1.77312,-0.114665,-0.256547,1.72979,-0.155927,0.11372,1.69212,-0.240769,0.102516,1.71333,-0.282617,0.384574,1.62388,-0.320559,0.653178,1.52373,-0.309036,0.748887,1.47808,-0.466091,0.523048,1.50309,-0.13204,0.602642,1.57273,-0.547836,0.106975,1.34269,-0.0143234,0.167399,1.62517,-0.547817,0.308258,1.45949,-0.0333053,0.389288,1.67691,0.350392,0.488946,0.503854,0.164329,0.475888,0.345178,0.334051,0.160084
-0.329442,-0.643774,1.74245,-0.327444,-0.575976,1.80925,-0.334675,-0.227456,1.69428,-0.314907,0.0815038,1.64271,-0.0634766,-0.660645,1.60254,-0.0806044,-0.600055,1.70065,-0.111498,-0.274232,1.68459,-0.155198,0.10837,1.67005,-0.239902,0.0969013,1.69059,-0.280486,0.38056,1.60279,-0.31725,0.65044,1.50414,-0.305232,0.747321,1.4592,-0.462641,0.517562,1.47707,-0.1298,0.598632,1.55341,-0.530775,0.11379,1.2981,-0.0118623,0.163019,1.60672,-0.539484,0.304879,1.42725,-0.0310329,0.384336,1.6605,0.350974,0.489295,0.504587,0.164244,0.476075,0.345686,0.332841,0.159709
